,snippet.requirement
Прохождение военной службы по контракту в Вооруженных Силах Российской Федерации. Требования: По уровню образования: не ниже основного общего (9 классов). ,96
"По уровню образования: не ниже основного общего. По состоянию здоровья: А-годен к военной службе, Б-годен к военной службе...",56
"группа здоровья ""А"" (годен). - имеющие образование не ниже среднего полного (11 классов), но также допускается принимать некоторые первичные должности граждан...",50
"группа здоровья ""А"" (годен) или ""Б"" (годен с незначительными ограничениями). - имеющие образование не ниже среднего полного (11 классов), но также...",50
"По уровню образования: не ниже основного общего (9 классов). По состоянию здоровья: А, не ниже Б - годен к военной службе...",42
"Кандидаты, отслужившие в армии (для военнообязанных), и имеющие 11 классов. А также среднее специальное (техническое) и высшее образование без срочной...",29
1. Образование – не ниже основного общего (9 классов средней общеобразовательной школы). 2. Здоровье: А - годен к военной службе; Б - годен...,26
Образование: не ниже 11 классов. Состояние здоровья: не ниже Б-годен к военной службе с незначительными ограничениями (для военнообязанных).,22
Преимущественное право на поступление после увольнения с военной службы в государственные образовательные организации высшего и среднего профессионального образования. ,18
По уровню образования: не ниже основного общего. По состоянию здоровья: не ниже Б - годен к военной службе с незначительными ограничениями. ,17
"Прохождение службы в другом регионе. Льготы, социальные гарантии, высокое денежное довольствие. Требования: годен к военной службе с незначительными ограничениями образование...",17
"Образование среднее - полное, среднее-профессиональное, высшее. Аналитический склад мышления, знание российского законодательства , грамотный письменный и устный русский язык, умение работать...",15
1. а) oбязательнo наличие высшего образования или среднего общего образования  прохождение военной службы по призыву (для военнообязанных). В первом случае...,15
"Знать устройство и правила эксплуатации штатной радиолокационной станции артиллерийской разведки, и других средств при выполнении обязанностей. Требования. По уровню образования...",15
"По уровню образования: не ниже среднего профессионального. По состоянию здоровья: А, не ниже Б - годен к военной службе с незначительными...",14
Годность по здоровью. Образование не ниже среднего общего.,13
"Уровень образования не ниже основного общего. Соответствие требованиям уровня физической подготовленности. Соответствие категориям годности по здоровью ""А"" или ""Б"".",13
Образование: не ниже основного общего (9 классов). Состояние здоровья: А - годен к военной службе и Б - годен к военной службе...,12
По уровню образования: не ниже основного общего. По состоянию здоровья: не ниже Б - годен к военной службе с незначительными ограничениями...,12
"ликвидация взрывоопасных предметов. По уровню образования: не ниже основного общего. По состоянию здоровья: А-годен к военной службе, Б-годен...",12
"По уровню образования: не ниже основного общего. По состоянию здоровья: А - годен к военной службе, Б - годен с незначительными ограничениями. ",11
знать правила эксплуатации кухонного оборудования и ухода за ним. По уровню образования: не ниже основного общего. По состоянию здоровья: А...,10
"в совершенстве знать свое оружие и владеть им, уметь вести из него меткий огонь. Требования: По уровню образования: не ниже...",10
"По уровню образования: не ниже среднего профессионального. По состоянию здоровья: А-годен к военной службе, Б-годен к военной службе...",10
"знать наличие, состояние, порядок эксплуатации (хранения) и ремонта вооружения, военной техники и других материальных средств воинской части. По уровню образования...",9
"уметь оборудовать огневую позицию и маскировать ее. - быстро приводить орудие в боевое положение, хорошо ориентироваться. - Требования: По уровню образования: не...",9
"По уровню образования: не ниже среднего общего. По состоянию здоровья: А-годен к военной службе, Б-годен к военной службе...",9
"знать в совершенстве свое оружие и владеть им. - уметь выбрать огневую позицию, оборудовать ее в инженерном отношении. По уровню образования...",9
"Гражданин, изъявивший желание поступить на военную службу по контракту должен соответствовать: Образование: не ниже полного среднего. Здоровье: годность кандидата к...",8
Образование не ниже среднего профессионального (технического). Для военнообязанных - по состоянию здоровья: не ниже А- годен к военной службе (Б - годен...,8
"знать вооружение танка, приборы прицеливания и наблюдения, постоянно содержать их в боевой готовности. По уровню образования: не ниже основного общего. ",7
ТРЕБОВАНИЯ К КАНДИДАТУ: - ответственность и дисциплинированность; - образование не ниже основного общего (9 классов).,7
Уровень образования -не ниже основного общего. Состояние здоровья: А - годен к военной службе. Б - годен к военной службе с незначительными...,7
Военнослужащий по контракту-Фельдшер в войсковую часть. По уровню образования: не ниже среднего профессионального. По состоянию здоровья: А-годен к...,7
Военнослужащий по контракту-Инспектор военной полиции. По уровню образования: не ниже среднего общего. По состоянию здоровья: А-годен к военной...,7
"знать устройство боевой машины, ее тактико-технические характеристики и боевые возможности. По уровню образования: не ниже среднего общего. ",6
"По уровню образования: не ниже основного общего (9 классов). По состоянию здоровья: А, не ниже незначительными ограничениями. По результатам профессионального...",6
"знать устройство, правила эксплуатации и технического обслуживания БМД. - умело преодолевать препятствия и заграждения. По уровню образования: не ниже основного общего. ",6
годные (категория А) к службе в плавсоставе надводных кораблей. - образование от 11 классов (среднее специальное и высшее приветствуется).,6
"Уровень здоровья - А. Для военнообязанных, не проходивших ранее военную службу по призыву, - наличие среднего профессионального (специального) или высшего образования. ",6
Уровень здоровья - А. Для военнообязанных (не проходивших ранее военную службу по призыву) - наличие среднего профессионального (специального) или высшего образования. ,6
"Водитель категории В,С (военнослужащий). Требования: По уровню образования: не ниже основного общего. По состоянию здоровья: не ниже Б - годен...",6
По уровню образования: не ниже среднего общего. По состоянию здоровья: не ниже А - годен к военной службе( для военнообязанных). ,6
По уровню образования: не ниже основного общего. По состоянию здоровья: не ниже А - годен к военной службе. По результатам профессионального...,6
Тракторист-машинист (Минобороны РФ). По уровню образования: не ниже основного общего. По состоянию здоровья: не ниже Б - годен к военной...,6
Возможность получения образования в учреждениях высшего военного образования. ТРЕБОВАНИЯ: Здоровье - годен к военной службе. Образование: не ниже среднего общего.,6
"Категория здоровья А, Б. Профригодность (Психолог). Образование не ниже среднего общего. Военная ипотека.",5
Фармацевт (военнослужащий МО РФ). По уровню образования: не ниже среднего профессионального. По состоянию здоровья: не ниже Б - годен к военной...,5
Военнослужащий по контракту-Химик в войсковую часть. По уровню образования: не ниже среднего общего. По состоянию здоровья: А-годен к...,5
"знать вооружение БМД, приборы прицеливания и наблюдения, постоянно содержать их в боевой готовности. По уровню образования: не ниже основного общего. ",5
По уровню образования: не ниже основного общего. По состоянию здоровья: не ниже А - годен к военной службе (для военнообязанных). ,5
"Образование: не ниже среднего (полное), служба в армии (для военнообязанных) или высшее образование. Годность к военной службе.",5
Уровень образования - среднее общее. Состояние здоровья: А - годен к военной службе. Б - годен к военной службе с незначительными ограничениями. ,5
"Образование: средне профессиональное, либо высшее медицинское образование . Готовность прибыть на собеседование в г. Казань. Состояние здоровья: не ниже А-годен...",5
"образование не ниже полного среднего (11 классов, если без службы по призыву: сред-специальное(профессиональное)или высшее) если проходили службу...",5
Годность к военной службе для военнообязанных. Образование не ниже среднего общего (11 классов). Для военнообязанных наличие прохождения военной службы по...,5
"не ниже среднего (полного). и служба в армии (для военнообязанных), средне специальное или высшее образование. - Годность к прохождению военной службы...",4
Требования: годен к военной службе с незначительными ограничениями образование не ниже 9 классов (боевой опыт приветствуется).,4
Образование: не ниже среднего общего (11 классов). Состояние здоровья: А - годен к военной службе. По результатам профессионального психологического отбора: не...,4
1) образование 9 кл. и выше. 2) категория годности к военной службе (категория здоровья) А или Б для военнообязанных. ,4
"Oбязательнo наличие высшего образования, или среднего профессионального образования, среднего общего образования (11 классов)  прохождение военной службы по призыву(для военнообязанных). ",4
Прохождение срочной службы. Образование не ниже 11 классов. Здоровье не ниже группы «б».,4
"знать устройство, порядок укладки, подготовку к полетам и эксплуатацию средств спасения и тормозных парашютов. По уровню образования: не ниже среднего...",4
"знание конструкции, правил эксплуатации и объемы периодических работ на закрепленной технике. По уровню образования: не ниже среднего профессионального. ",4
"Водитель категории С, СЕ. 1. Образование – не ниже основного общего (9 классов средней общеобразовательной школы). 2. Здоровье: А - годен к...",3
"Годность к военной службе (категории А, Б) (для военнообязанных). Не ниже основного общего образования. Сдать нормативы физической подготовки.",3
отслуживших срочную военную службу по призыву (для военнообязанных) и имеющих образование не ниже среднего (полного) общего. - имеющих высшее профессиональное образование...,3
"образование не ниже полного среднего (11 классов, если без службы по призыву: сред-специальное(профессиональное)или высшее).",3
"А если ты не служил военную службу по призыву (для военнообязанных) и получил высшее или средне специальное образование, то ты...",3
"По уровню образования: не ниже среднего полного. По состоянию здоровья: А, не ниже Б - годен к военной службе с незначительными...",3
Образование не ниже основного общего. Категория здоровья А (для военнообязанных). Физическая выносливость. Профпригодность.,3
"Исполнение общих, специальных и должностных обязанностей военной службы. По уровню образования: не ниже среднего общего. По состоянию здоровья: не ниже...",3
Требования: годен к военной службе с незначительными ограничениями образование не ниже 9 классов (боевой опыт приветствуется для военнообязанных).,3
Образование: не ниже среднего общего (11 классов). Состояние здоровья: А - годен к военной службе и Б - годен к военной службе...,2
Контрактная служба в Вооруженных силах Российской федерации это: Образование не ниже средне общего ( 9 классов). Годность по стоянию здоровья (А...,2
Изучить и исполнять обязанности военнослужащего ВС РФ. Знать и уметь использовать вверенное имущество и военную технику. Требования: По уровню образования...,2
Образование не среднего общего (11 кл.). По состоянию здоровья: не ниже А- годен к военной службе - для военнообязанных. ,2
Уровень здоровья - А. Для военнообязанных (не проходивших ранее военную службу по призыву)наличие среднего профессионального (специального) или высшего образования. ,2
"право на получение первого высшего образования при отсутствии высшего образования. -группа здоровья А,Б. -образование среднее.",2
Уровень здоровья - А. Наличие среднего профессионального (специального) или высшего образования. Вещевым имуществом. Военнослужащим по контракту положено:,2
"Федеральное казенное учреждение исправительная колония 7 приглашает на службу по контракту кандидатов, имеющих образование не ниже среднего, прошедших службу в...",2
По уровню образования: не ниже основного общего. По состоянию здоровья: не ниже А – годен к военной службе (Б – годен к...,2
Образование не ниже основного общего. Категория здоровья (для военнообязанных). Физическая подготовка (минимум на 4).,2
Соответствие предъявляемым требованиям по состоянию здоровья и профессионально-психологическому отбору. Наличие среднего или профессионального образования.,2
7) Через 6 лет службы возникает право воспользоваться программой «военной ипотеки». Требования к кандидатам: 1) Образование не ниже среднего (полного...,2
"Тракторист. По уровню образования: не ниже среднего профессионального. По состоянию здоровья: А, не ниже Б - годен к военной службе с...",2
"По уровню образования: не ниже основного общего (среднего общего, среднего профессионального). По состоянию здоровья: не ниже А - годен к военной...",2
"Телефонист. По уровню образования: не ниже среднего профессионального. По состоянию здоровья: А, не ниже Б - годен к военной службе с...",2
образование - не ниже среднего. ⁃ наличие военного билета с категорией «А» или «Б» (для военнообязанных). ⁃ обязательное психологическое тестирование (проходится непосредственно в...,1
Годность по состоянию здоровья (категории А). Образование не ниже 9 классов (основное общее)(для военнообязанных). Сдача физической подготовки на высший...,1
"ОТСЛУЖИВШИЕ В АРМИИ (для военнообязанных), среднее (9 классов) , а также средне-специальное (техническое) или высшее образование , ТО можно без срочной...",1
"Образование не ниже основного общего. Категория здоровья А, Б.",1
"Годность здоровья по военному билету А-годен, Б - годен с не значительными ограничениями.(для военнообязанных). Образование не ниже среднего общего.",1
"oбязательнo наличие высшего образования, или среднего профессионального образования, среднего общего образования (11 классов)  прохождение военной службы по призыву.(для военнообязанных...",1
Образование: не ниже основного общего (9 классов). Состояние здоровья: А - годен к военной службе . По результатам профессионального психологического отбора: не...,1
"Умение пользоваться программами Word, Excel. Обработка документации с электронных носителей. Образование не ниже среднего-профессионального.",1
Образование: не ниже основного общего (9 классов). Состояние здоровья: А - годен к военной службе. По результатам профессионального психологического отбора: не...,1
"Наличие среднего полного образования (11 классов) и выше. Категория здоровья А, Б (для военнообязанных). За более подробной информацией обращайтесь к...",1
Профпригодность (Психолог). Образование не ниже среднего общего. Военная ипотека.,1
"Годен по состоянию здоровья к военной службе без ограничения. Образование высшее профессиональное (техническое, информационная безопасность). Наличие собственного жилья в г. ",1
Наличие образования не ниже среднего общего. По состоянию здоровья А1 -годен к службе в плавсоставе на надводных кораблях. Трудолюбивые.,1
"знать устройство, правила эксплуатации и технического обслуживания БМД. - умело преодолевать препятствия и заграждения. По уровню образования: не ниже основного общего. (",1
По уровню образования: не ниже основного общего. По состоянию здоровья: А-годен к военной службе (Б-годен к военной службе...,1
В качестве кандидатов рассматриваются граждане. Прошедшие службу по призыву и имеющие образование не ниже среднего (полного) общего для военнообязанных. ,1
Военнослужащий по контракту-Фельдшер военный. Знание и навыки. Образование не ниже средне общего (9 классов). Годность по стоянию здоровья (А...,1
Наличие высшего образования или прохождение военной службы по призыву (для военнообязанных). Образование не ниже среднего (полного) общего (для невоеннообязанных). ,1
1) Уровень здоровья - А или Б. 4) Для военнообязанных - наличие среднего профессионального (специального) или высшего образования. 5) Вещевым имуществом. ,1
Образование 9 классов.,1
1 ) образование 9 кл. и выше. 2) категория годности к военной службе (категория здоровья) А или Б для военнообязанных . ,1
Требования: годен к военной службе с незначительными ограничениями образование не ниже 9 классов (боевой опыт приветствуется для военнообязанных ).,1
"Образование: Средне-специальное, средне-профессиональное и выше, либо служба по призыву.",1
Требования: СЛУЖБА в ВС (для военнообязанных). Образование не ниже среднего (11 классов). Физически подготовлен.,1
"Умение работать с программами Word, Excel. Грамотная и поставленная речь. Умение работать с документацией. Образование не ниже среде-профессионального. ",1
"Уровень образования не ниже основного общего. Соответствие требованиям уровня физической подготовленности. Соответствие категориям годности по здоровью ""А"" или ""Б"". ",1
Образование не ниже основного общего (9 кл.). Для военнообязанных - По состоянию здоровья: не ниже А- годен к военной службе (Б...,1
Образование не ниже основного общего (9 кл.). По состоянию здоровья: не ниже А- годен к военной службе (Б - годен к...,1
"Высшее или среднее профессиональное образование. Уверенный пользователь ПК (Microsoft Word. Microsoft Excel. Microsoft PowerPoint. Microsoft Access), умение работать в графических...",1
"Для граждан прошедших военную службу по призыву (для военнообязанных) иметь образование не ниже среднего общего, а для не проходивших военную...",1
"Для граждан прошедших военную службу по призыву(для военнообязанных) иметь образование не ниже среднего общего, а для не проходивших военную...",1
Опыт: Без опыта. Образование: Среднее. Занятость: Полная занятость. Пограничные органы ФСБ России осуществляют набор наиболее подготовленных и перспективных людей на...,1
По уровню образования: не ниже основного общего (9 классов). Удостоверение на вождение гусеничной техники. По состоянию здоровья: А - годен к...,1
Оператор (военнослужащий ВМФ). По уровню образования: не ниже основного общего. По состоянию здоровья: не ниже А - годен к военной службе...,1
Уровень здоровья - А. Для военнообязанных(не проходивших ранее военную службу по призыву) - наличие среднего профессионального (специального) или высшего образования. ,1
"Здоровье категории «А, Б» (для военнообязанных). Образование не ниже среднего.",1
"Образование не ниже среднего общего (полное). Для кандидатов, которые не служили срочную службу в ВС (для военнообязанных) обязательно высшее образование. ",1
"Требования, предъявляемые к кандидатам на военную службу: 1.Наличие высшего, либо среднего полного (специального, профессионального) образования - при условии прохождения срочной службы...",1
ответственность и дисциплинированность. - образование не ниже основного общего (9 классов).,1
"Требования, предъявляемые к кандидатам на военную службу: 1. Наличие высшего, либо среднего полного (специального, профессионального) образования - при условии прохождения срочной...",1
По уровню образования: не ниже среднего общего образования (11 классов). По состоянию здоровья: А-годен к военной службе. ,1
По уровню образования: не ниже основного общего (9 классов). По состоянию здоровья: А. По результатам профессионального психологического отбора: не ниже...,1
"Гражданин, изъявивший желание поступить на военную службу по контракту должен соответствовать: Образование: основное общее (9 классов). Здоровье: годность кандидата к...",1
"Техник. По уровню образования: не ниже среднего профессионального. По состоянию здоровья: А, не ниже Б - годен к военной службе с...",1
"Желание служить,категория здоровья годен. Образование среднее.",1
Прохождение срочной службы (для военнообязанных) и образование не ниже 9 классов. Без прохождения срочной службы и образование не ниже среднего...,1
Осуществляется нaбoр граждан (военнообязанных) на военную службу по кoнтрaкту в Пoгрaничныe opгaны ФCБ Росcии. Oснoвные требoвания к кaндидaтам: - наличие образования...,1
"Образование не ниже общего среднего (11 классов), служба в армии (для военнообязанных) либо наличие высшего образования (возможно в том числе...",1
Образование: - не ниже среднего (полного) и служба в армии - для военнообязанных или среднеспециальное и служба в армии - для военнообязанных или...,1
Уровень здоровья - А или Б. Для не проходивших ранее военную службу по призыву - наличие среднего профессионального (специального) или высшего образования.,1
"Годность к военной службе (категории А, Б). Не ниже основного общего образования. Сдать нормативы физической подготовки.",1
"Высшее образование по специальности: ""Психолог"", ""Клиническая психология"", ""Психология"". Код 3701-3704.",1
"От 18 до 35 лет (ФЗ-53, ст. 34). - Отсутствие/наличие судимостей (ФЗ-53, ст. 34). - Уровень образования: уровень образования...",1
Уровень образования: уровень образования не ниже среднего общего (11 классов)  армия (для военнообязанных) или высшее или образование медицинское (фельдшер) или...,1
"По уровню образования: не ниже основного общего образования (9 классов). По состоянию здоровья: А-годен к военной службе, Б-годен...",1
