,address.city
Москва,1565
Санкт-Петербург,627
Екатеринбург,235
Красноярск,221
Новосибирск,199
Нижний Новгород,197
Казань,177
Иркутск,119
Челябинск,118
Самара,113
Омск,112
Краснодар,107
Уфа,93
Пермь,90
Ростов-на-Дону,89
Воронеж,88
Тюмень,74
Ярославль,68
Кемерово,64
Хабаровск,63
Томск,59
Новокузнецк,58
Барнаул,58
Одинцово,57
Набережные Челны,57
Тверь,56
Ижевск,52
Волгоград,52
Иваново,50
Смоленск,46
Рязань,43
Белгород,42
Калининград,42
Саратов,42
Сургут,41
Тула,40
Ульяновск,39
Владивосток,39
Владимир,36
Сочи,35
Липецк,34
Оренбург,31
Симферополь,30
городской округ Химки,30
Нижневартовск,29
Пенза,28
Тольятти,28
Севастополь,27
Магнитогорск,26
Петрозаводск,26
Мурманск,26
Улан-Удэ,25
Кострома,24
Балашиха,24
Архангельск,23
Чита,23
Ангарск,21
Чебоксары,21
Брянск,21
Удомля,21
Ставрополь,20
Курск,20
Благовещенск,18
Калуга,18
Курган,17
Тамбов,16
Череповец,16
Киров,16
Новороссийск,16
Вологда,15
Норильск,15
Ессентуки,15
Новый Уренгой,15
Колпино,15
Южно-Сахалинск,15
Нижний Тагил,14
Домодедово,14
Московская область,13
посёлок Комарово,13
Волжский,13
посёлок Шушары,13
Балашов,12
Прокопьевск,12
Фрязино,12
Сестрорецк,12
Белово,12
Навашино,12
Орёл,12
городской округ Домодедово,12
Пушкин,11
Химки,11
Подольск,11
Бийск,11
Йошкар-Ола,11
Новомосковск,11
Псков,11
Мытищи,11
Стерлитамак,11
Астрахань,11
Якутск,11
Анапа,10
Осинники,10
Пушкино,10
Энгельс,10
Сызрань,10
Выборг,9
Сергиев Посад,9
Березники,9
Красное Село,9
Зеленоград,9
Обнинск,9
Саранск,9
Троицк,9
Гатчина,9
Новокуйбышевск,9
Ямало-Ненецкий автономный округ,9
Щёлково,9
Орск,8
Берёзовский,8
Павловский Посад,8
Видное,8
станица Староминская,8
Балаково,8
Салават,8
Великий Новгород,8
городской округ Норильск,8
Красногорск,8
Нижнекамск,8
Кингисепп,7
Абакан,7
Дзержинск,7
Кандалакша,7
Дмитров,7
Солнечногорск,7
Комсомольск-на-Амуре,7
Королёв,7
Каменск-Уральский,7
деревня Новая Купавна,7
Пыть-Ях,7
Братск,7
Волгодонск,7
Копейск,7
Приозерск,7
Златоуст,7
Люберцы,7
Рыбинск,7
Владикавказ,7
Искитим,7
Красный Холм,6
Усть-Кут,6
Батайск,6
село Клочки,6
посёлок Парголово,6
рабочий посёлок Городище,6
деревня Бритово,6
Магадан,6
Ломоносовский район,6
Сыктывкар,6
Междуреченск,6
Долгопрудный,6
Новомосковский административный округ,6
Ленинск-Кузнецкий,6
Котельники,6
Котлас,6
Ступино,6
Первоуральск,6
Железногорск,5
Всеволожский район,5
деревня Толиково,5
Волхов,5
Боготол,5
Кстово,5
Салехард,5
Волосово,5
Аксай,5
посёлок городского типа Усть-Нера,5
Белореченск,5
Егорьевск,5
Гурьевск,5
село Кысыл-Сыр,5
Усть-Лабинск,5
Нефтеюганск,5
Уссурийск,5
Северск,5
Чехов,5
Ковров,5
Пятигорск,5
деревня Елино,5
Лесосибирск,5
село Павловская Слобода,5
Новочеркасск,5
Красный Сулин,4
посёлок Вёшки,4
Тобольск,4
Наро-Фоминск,4
город Чебоксары,4
посёлок Солнечный,4
Старый Оскол,4
Шахтёрск,4
Петропавловск-Камчатский,4
Кулебаки,4
Армавир,4
Новоалтайск,4
Петергоф,4
Глазов,4
Западная Двина,4
Таганрог,4
поселок Храброво,4
Коломна,4
Вязники,4
Бердск,4
Клин,4
Стрежевой,4
Кирово-Чепецк,4
Соликамск,4
посёлок Дружный,4
посёлок городского типа Лесной,4
Ачинск,4
Керчь,4
Раменское,4
поселок Металлургов,4
Калининградская область,4
Орел,4
Октябрьский,4
Северодвинск,4
Пучеж,4
посёлок Рублёво,4
Большой Камень,4
Ростов,4
Бодайбо,4
Новочебоксарск,4
Электроугли,4
Ногинск,4
Сосновоборск,4
деревня Малые Вязёмы,4
Нягань,4
Сосновый Бор,4
Людиново,4
рабочий посёлок Ржавки,4
Донской,3
Мурино,3
Елизово,3
Волгоградская область,3
Алтайский край,3
посёлок Элитный,3
поселок Большой Исток,3
Сарапул,3
городской посёлок Дубровка,3
Усинск,3
Фролово,3
Серпухов,3
Кингисеппский район,3
Мегион,3
деревня Никольское,3
Качканар,3
Россошь,3
Менделеевск,3
рабочий посёлок Селятино,3
посёлок городского типа Афипский,3
Геленджик,3
Радужный,3
Емельяновский район,3
поселок городского типа Ягодное,3
село Малиновка,3
Зеленогорск,3
Балтийск,3
Находка,3
Артём,3
рабочий посёлок Приволжский,3
Ноябрьск,3
Раменский район,3
Миасс,3
посёлок Волна,3
деревня Радумля,3
посёлок Громадск,3
Белоярский,3
Рубцовск,3
Кунгур,3
Нефтекамск,3
Кировск,3
Ишимбай,3
Карасук,3
деревня Покровское,3
Ухта,3
посёлок Металлострой,3
поселок городского типа Промышленная,3
станица Старовеличковская,3
Саяногорск,3
Алексеевка,3
Жуковский,3
Муром,3
Альметьевск,3
Великие Луки,3
село Быков Отрог,3
поселок Молодёжный,3
посёлок городского типа Забайкальск,3
Кириши,3
Нижнеудинск,3
Выкса,3
Сафоново,3
городской посёлок Синявино,3
Усть-Илимск,3
Гагарин,3
Белорецк,3
село Новолокти,3
Краснотурьинск,3
Уфимский район,2
село Краснотуранск,2
деревня Новое Девяткино,2
Курчатов,2
деревня Молзино,2
Новотроицк,2
Елабуга,2
город Воронеж,2
село Ворсино,2
Черняховск,2
хутор Камышеваха,2
посёлок Видяево,2
Гороховец,2
Краснокамск,2
Новосибирский район,2
село Айдарово,2
посёлок городского типа Берёзовка,2
Майкоп,2
Славянск-на-Кубани,2
деревня Барвиха,2
Ялта,2
село Белокаменка,2
деревня Ям-Ижора,2
Тульская область,2
село Смоленщина,2
Саров,2
село Засопка,2
село Елизаветовка,2
Новоуральск,2
Борисоглебск,2
рабочий посёлок Обухово,2
Нефтегорск,2
Электросталь,2
Губкинский,2
Бежецк,2
КРАСНОДАР,2
городской округ Нижний Новгород,2
Черемхово,2
поселок Красный Сад,2
Истра,2
Новошахтинск,2
Кронштадт,2
поселок Шушары,2
посёлок Русский,2
Иркутская область,2
Нерюнгри,2
Среднеуральск,2
Павловск,2
Саянск,2
Щёкино,2
Отрадный,2
Белебей,2
Кашира,2
Когалым,2
село Кончезеро,2
Щербинка,2
Котовск,2
Асбест,2
г. Улан-Удэ,2
Минусинск,2
село Чусовитино,2
Камышин,2
поселок Шишкин Лес,2
Ипатово,2
Воскресенск,2
деревня Шматово,2
поселок Сабетта,2
деревня Борзые,2
рабочий посёлок Свердловский,2
Великий Устюг,2
деревня Кучино,2
Дзержинский,2
Раменский городской округ,2
деревня Алтухово,2
Юрга,2
Вихоревка,2
посёлок Газопровод,2
городской округ Элиста,2
Тихвин,2
посёлок Индустриальный,2
село Бжид,2
Грязовец,2
Ломоносов,2
Черепаново,2
Черногорск,2
Артёмовский городской округ,2
Димитровград,2
Южноуральск,2
посёлок Аистово,2
Тосно,2
посёлок Пакино,2
Татарск,2
Одинцовский городской округ,2
посёлок Есаульский,2
поселок городского типа Мурмаши,2
поселок Архангельское,2
Темрюк,2
Красноармейск,2
Коряжма,2
Реутов,2
село Миасское,2
Печора,2
хутор Октябрьский,2
село Сукко,2
Никольское,2
посёлок Верхняя Сысерть,2
село Софьино,2
село Криводановка,2
Горно-Алтайск,2
Рыбное,2
посёлок городского типа Яшкино,2
посёлок Барвиха,2
Калтан,2
Валуйки,2
Каменск-Шахтинский,2
посёлок городского типа Кореиз,2
поселок городского типа Яя,2
посёлок Плишкино,2
Кисловодск,2
Алтайский район,2
Ширинский район,2
Опочка,2
посёлок Внуково,2
Обь,2
посёлок городского типа Оверята,2
Тутаев,2
городской округ Усть-Илимск,2
Тайга,2
Подпорожье,2
Конаково,2
село Новоалексеевское,2
Тайшет,2
Десногорск,2
село Италмас,2
Московский,2
Шахты,2
Сельцо,2
Бор,2
городской округ Пушкинский,2
Губкин,2
Артёмовский,2
посёлок городского типа Джубга,2
рабочий посёлок Новоивановское,2
Елабужский район,2
деревня Чечулино,2
рабочий посёлок Хорлово,1
деревня Бронцы,1
село Засечное,1
посёлок городского типа Грамотеино,1
посёлок Садовый,1
Кудрово,1
поселок Вешки,1
Шуя,1
Шебекино,1
село Суворовское,1
поселок городского типа Краснобродский,1
поселок Дружелюбный,1
посёлок Красный Бор,1
г. Новосибирск,1
посёлок Ишалино,1
"Томская обл,Томский р-н",1
станица Натухаевская,1
Апрелевка,1
село Новосёлки,1
Строитель,1
деревня Давыдково,1
Шлиссельбург,1
село Манжерок,1
село Столбище,1
Миллерово,1
Аша,1
станица Новотитаровская,1
поселок Громово,1
село Дубровино,1
село Ягуново,1
посёлок городского типа Чишмы,1
деревня Жилино,1
Валдай,1
Богучанский район,1
деревня Соболиха,1
посёлок Усть-Ордынский,1
посёлок Зелёный Бор,1
Ржев,1
деревня Кострово,1
деревня Пожидаевка,1
Юрьянский район,1
рабочий посёлок Луховка,1
деревня Починки,1
Дальнереченск,1
деревня Шевели,1
деревня Порошкино,1
деревня Хоругвино,1
посёлок городского типа Ванино,1
Заозёрный,1
рабочий посёлок Краснообск,1
Сухой Лог,1
Полевской,1
Окуловка,1
Пестречинский район,1
Лангепас,1
село Хомутово,1
посёлок Социалистический,1
Аксайский район,1
поселок городского типа Бачатский,1
Промышленновский муниципальный округ,1
село Южная Озереевка,1
Бугульма,1
посёлок городского типа Разумное,1
Заречный,1
город Светлый,1
посёлок Томино,1
Чудово,1
хутор Красный Крым,1
поселок Сокольники,1
посёлок Красный Яр,1
село Доскино,1
городской округ Луховицы,1
посёлок Луговое,1
посёлок Пудость,1
Игарка,1
деревня Новосёлки,1
вахтовый посёлок Сизиман,1
посёлок городского типа Голышманово,1
село Романовка,1
село Кирилловка,1
поселок Парковое,1
Холмск,1
Невельск,1
село Каскара,1
село Каясан,1
село Уксянское,1
село Архангельское,1
город Когалым,1
посёлок городского типа Яблоновский,1
рабочий посёлок Любинский,1
село Косырёвка,1
Шелехов,1
поселок Приморск,1
посёлок Ковалёво,1
село Клещевка,1
село Марусино,1
село Котово,1
село Майский,1
Кольчугино,1
посёлок Беликово,1
Биробиджан,1
Нязепетровск,1
село Высокая Гора,1
станица Новопокровская,1
Смоленская область,1
Грязи,1
городской посёлок имени Свердлова,1
посёлок Красный,1
рабочий посёлок Винзили,1
село Акулово,1
посёлок городского типа Ноглики,1
Киржач,1
посёлок городского типа Родники,1
поселок городского типа Камские Поляны,1
село Мирное,1
село Маган,1
посёлок Заволжский,1
Семёнов,1
посёлок Государственного племенного завода Константиново,1
село Гайдук,1
Отрадное,1
деревня Румянцево,1
село Татарка,1
посёлок Сапёрный,1
станица Грушевская,1
Тёпло-Огарёвский район,1
деревня Капустино,1
посёлок Коммунарка,1
Бавлы,1
коттеджный посёлок Репинская усадьба-4,1
хутор Воскресенский,1
деревня Сосенки,1
поселок Юг,1
деревня Косколово,1
посёлок Песочный,1
посёлок Усть-Луга,1
городской округ Подольск,1
посёлок городского типа Некрасовский,1
рабочий посёлок Ванино,1
село Никольское,1
село Кашино,1
село Ильинка,1
Карабулак,1
село Росва,1
Пионерский,1
рабочий посёлок Горки Ленинские,1
посёлок Стрельна,1
село Малореченское,1
поселок Новый Мир,1
Переславль-Залесский,1
посёлок Чистогорский,1
село Новомеловатка,1
рабочий посёлок Маркова,1
город Калининград,1
Бузулук,1
деревня Красная Горка,1
Moscow,1
Медынь,1
поселок Верхняя Подстепновка,1
Ялуторовск,1
Гатчинский район,1
Тихорецк,1
Черкесск,1
москва,1
поселок Дружба,1
посёлок городского типа Камское Устье,1
Невинномысск,1
село Прохладное,1
Усолье-Сибирское,1
деревня Большое Савино,1
село Нежинка,1
деревня Неверково,1
посёлок городского типа Курагино,1
село Любино-Малороссы,1
село Успенка,1
посёлок Плотниково,1
село Ваганово,1
посёлок городского типа Волжский,1
рабочий поселок Первомайский,1
село Рыбное,1
Мезенский район,1
село Дзержинское,1
деревня Лутоха,1
деревня Новая,1
Зеленодольский район,1
деревня Александровская Горка,1
Всеволожск,1
Киселёвск,1
деревня Корюково,1
посёлок Мальдяк,1
деревня Малые Колпаны,1
посёлок городского типа Медведицкий,1
село Эстосадок,1
посёлок городского типа Озёрный,1
поселок городского типа Афипский,1
Топки,1
посёлок городского типа Смышляевка,1
село Абзаково,1
МО,1
Хвалынск,1
станица Старонижестеблиевская,1
Тейково,1
деревня Лапшинка,1
хутор Шарашенский,1
посёлок Новый Кременкуль,1
посёлок совхоза Крёкшино,1
посёлок городского типа Курпаты,1
село Идринское,1
хутор Ленина,1
посёлок городского типа Северо-Енисейский,1
посёлок Сысерть,1
посёлок городского типа Березовка,1
село Смоленка,1
Зеленодольск,1
посёлок Новая Вилга,1
деревня Гальчино,1
Мензелинский район,1
село Мячково,1
село Чесноковка,1
рабочий посёлок Шексна,1
Сокол,1
посёлок Совхозный,1
деревня Печурки,1
Томская область,1
село Лебедёвка,1
деревня Подрезова,1
Воркута,1
Сосногорск,1
деревня Поцелуево,1
городской округ Первоуральск,1
муниципальный район Печора,1
село Абрау-Дюрсо,1
посёлок городского типа Северный,1
посёлок городского типа Медведево,1
посёлок Левашово,1
поселок Курбатово,1
г.Н.Новгород,1
Чердаклинский район,1
Нытва,1
Мичуринск,1
Лесной,1
Инта,1
Новоалександровск,1
Тюменский район,1
посёлок Белоостров,1
поселок городского типа Кольцово,1
Республика Саха (Якутия),1
Городец,1
Дубна,1
Дюртюли,1
посёлок городского типа Поварово,1
городской округ Благовещенск,1
Бородино,1
Калачёвский район,1
село Поляны,1
село Ельдигино,1
Котельниково,1
село Красногвардейское,1
городской округ Солнечногорск,1
Северобайкальск,1
Белоярский городской округ,1
село Знаменское,1
село Незнамово,1
посёлок Ува,1
Черноморский район,1
деревня Светлицы,1
Минеральные Воды,1
Нальчик,1
рабочий посёлок Андреевка,1
Тарко-Сале,1
Жигулёвск,1
Остров,1
СНТ Дорохово,1
село Шестаково,1
посёлок Любучаны,1
село Кандры,1
Тулун,1
посёлок Балезино,1
село Завьялово,1
Изобильный,1
село Ступино,1
рабочий посёлок Кадуй,1
Судак,1
Мыски,1
деревня Коврово,1
поселок Есинка,1
город Отрадное,1
Урай,1
деревня Шарапово,1
Костомукша,1
городской округ Абакан,1
посёлок городского типа Красный Гуляй,1
Гурьевский городской округ,1
Агинское,1
посёлок городского типа Гурзуф,1
Кызыл,1
город Удачный,1
Коркино,1
посёлок городского типа Ильский,1
рабочий посёлок Киевский,1
Харовск,1
Лобня,1
деревня Сокольники,1
посёлок Приобский,1
рабочий посёлок Новая Ляда,1
поселок Чермошной,1
село Казачий Брод,1
село Эсто-Садок,1
станица Октябрьская,1
городской округ Мытищи,1
Олонец,1
Кодинск,1
городской посёлок Янино-1,1
посёлок Лесное,1
Светлогорск,1
деревня Петровское,1
Верхний Тагил,1
Серов,1
поселок городского типа Северо-Енисейский,1
Красноармейский район,1
Боровский район,1
Суздаль,1
Саратовский район,1
Ревда,1
Новомичуринск,1
Сорочинск,1
село Ярлуково,1
Сергиево-Посадский городской округ,1
город Басра,1
Чапаевск,1
Белокуриха,1
посёлок городского типа Берёзово,1
село Весёлое,1
Кашин,1
Щигры,1
аул Тахтамукай,1
посёлок городского типа Дагомыс,1
Ленинградская область,1
село Клещёвка,1
Кировград,1
Заринск,1
Чулым,1
посёлок городского типа Новая Чара,1
деревня Подборки,1
Буинск,1
Рамонский район,1
поселок городского типа Стройкерамика,1
деревня Зимино,1
деревня Сколково,1
Порхов,1
Кинешма,1
населённый пункт Остановочная Платформа 3307 километр,1
рабочий посёлок Кольцово,1
рабочий посёлок Малаховка,1
посёлок городского типа Партенит,1
деревня Чаплыгина,1
Ясный,1
деревня Сапроново,1
муниципальное образование Анапа,1
Бугуруслан,1
коттеджный посёлок Юкки-сити,1
посёлок городского типа Стройкерамика,1
поселок Белозерный,1
Исилькуль,1
Туймазы,1
Богданович,1
посёлок городского типа Дружинино,1
Шадринск,1
село Парфёновка,1
Бологое,1
посёлок Ждановский,1
Звенигород,1
Озерск,1
г Казань,1
деревня Раздоры,1
рабочий посёлок Горшечное,1
посёлок городского типа Кильдинстрой,1
деревня Пихтулино,1
Верхняя Тура,1
Большеулуйский район,1
посёлок городского типа Ярега,1
Анжеро-Судженск,1
"Белоярский р-н, тер автодорога Екатеринбург-Тюмень",1
село Лайково,1
Чернушка,1
село Фершампенуаз,1
Нижняя Тура,1
посёлок Новосиньково,1
Балахна,1
Орехово-Зуево,1
"Орловская область,Орловский р-н, д. Хардиково",1
Льгов,1
поселок Новосафоновский,1
Азов,1
Дмитриев,1
Михайловск,1
поселок Мостовское,1
посёлок Понтонный,1
посёлок городского типа Свободный,1
Уватский район,1
Ставропольский край,1
поселок Брянка,1
село Окино-Ключи,1
село Бело-Безводное,1
Елец,1
Приволжский,1
Прохладный,1
деревня Куюки,1
посёлок Кувшиново,1
Краснодарский край,1
посёлок городского типа Белоярский,1
городской округ Красногорск,1
Верхняя Пышма,1
Дмитровский городской округ,1
посёлок городского типа Надвоицы,1
Кондрово,1
посёлок Нагорный,1
рабочий посёлок Ялга,1
поселок Айхал,1
деревня Лихачи,1
село Преображенка,1
станица Стародеревянковская,1
село Русская Борковка,1
Пугачёв,1
деревня Машково,1
Ивантеевка,1
Вязьма,1
Рославль,1
Шатура,1
поселок Пансионат Клязьминское водохранилище,1
Элиста,1
село Каменоломня,1
деревня Заборье,1
рабочий посёлок Томилино,1
Гусь-Хрустальный,1
посёлок городского типа Затеречный,1
поселок Победа,1
Пикалёво,1
деревня Новосаратовка,1
поселок Зональная Станция,1
Кореновск,1
посёлок Тулинский,1
Республика Алтай,1
поселок Юктали,1
Новоусманский район,1
посёлок Мятлево,1
рабочий посёлок Софрино,1
Самарская область,1
посёлок городского типа Борисовка,1
посёлок городского типа Гаспра,1
поселок Орловка,1
село Тройня,1
Богородск,1
Горячий Ключ,1
село Шильнебаш,1
Канаш,1
село Краснокумское,1
деревня Глинино,1
село Вараксино,1
село Льва Толстого,1
Каменский район,1
Махачкала,1
село Дядьково,1
село Лопатино,1
деревня Лучинское,1
село Ягодное,1
Учалы,1
деревня Захонье,1
рабочий посёлок Светлый Яр,1
деревня Медовка,1
посёлок городского типа Томилино,1
"п.Нахабино, Московская область",1
посёлок городского типа Иноземцево,1
поселок городского типа Северный,1
посёлок Строитель,1
Нерюнгринский район,1
Очёр,1
поселок Южный,1
Петров Вал,1
поселок Рассвет,1
Богородский городской округ,1
Ленск,1
село Зелёновка,1
посёлок при станции Малмыж,1
рабочий посёлок Стрелица,1
Сертолово,1
село Атаманово,1
Голицыно,1
рабочий посёлок Новопокровка,1
городской округ Самара,1
Полысаево,1
посёлок Еруда,1
село Чунояр,1
поселок городского типа Жигалово,1
рабочий посёлок Вача,1
Вичуга,1
Шарыпово,1
деревня Княгинино,1
Таштагол,1
Тимашевск,1
поселок Залесье,1
Вольск,1
деревня Малое Забородье,1
посёлок Колосистый,1
городской округ Воскресенск,1
г. Москва,1
микрорайон Лосиный Парк-1,1
